{
    "prepare_queue": {
        "installed": [],
        "uninstalled": []
    },
    "config_munge": {
        "files": {
            "res/xml/config.xml": {
                "parents": {
                    "/*": [
                        {
                            "xml": "<feature name=\"Pedometer\"><param name=\"android-package\" value=\"org.apache.cordova.pedometer.PedoListener\" /></feature>",
                            "count": 1
                        }
                    ]
                }
            }
        }
    },
    "installed_plugins": {
        "cordova-plugin-pedometer": {
            "PACKAGE_NAME": "ie.ait.groupPedometer"
        }
    },
    "dependent_plugins": {},
    "modules": [
        {
            "id": "cordova-plugin-pedometer.Pedometer",
            "file": "plugins/cordova-plugin-pedometer/www/pedometer.js",
            "pluginId": "cordova-plugin-pedometer",
            "clobbers": [
                "pedometer"
            ]
        }
    ],
    "plugin_metadata": {
        "cordova-plugin-pedometer": "0.4.1"
    }
}